{
"lengthUnit": "mil",
"remark": [],
"components": {
	"fields": ["COMPONENT_NO", "COMPONENT_NAME", "LAYER", "X_COORDINATE", "Y_COORDINATE", "ANGLE"],
	"rows": [
		[1, "1", "T", 3105, 875, 90],
		[2, "C1", "T", 645.163, 1639.1615, 0],
		[3, "LED1", "T", 530.163, 1724.1615, 180],
		[4, "R1", "T", 390.163, 1594.1615, 0],
		[5, "U1", "T", 525.163, 1564.1615, 180],
		[6, "PAD1", "T", 2580, 850, 0],
		[7, "PAD2", "T", 2730, 900, 0],
		[8, "PAD2", "B", 2730, 900, 0],
		[9, "PAD3", "T", 672.723, 1639.1615, 0],
		[10, "PAD4", "T", 617.603, 1639.1615, 0],
		[11, "PAD5", "T", 571.513, 1724.1615, 0],
		[12, "PAD6", "T", 488.813, 1724.1615, 0],
		[13, "PAD7", "T", 419.823, 1594.1615, 0],
		[14, "PAD8", "T", 360.503, 1594.1615, 0],
		[15, "PAD9", "T", 525.163, 1540.5415, 0],
		[16, "PAD10", "T", 501.543, 1544.4815, 0],
		[17, "PAD11", "T", 501.543, 1564.1615, 0],
		[18, "PAD12", "T", 548.783, 1564.1615, 0],
		[19, "PAD13", "T", 548.783, 1544.4815, 0]
	]
},
"pins": {
	"fields": ["PIN_NO", "PIN_NAME", "PIN_X", "PIN_Y", "LAYER", "PIN_TYPE", "NET_NAME", "NET_TYPE", "PAD_SHAPE", "PAD_SIZEX", "PAD_SIZEY", "HOLE_SIZE", "HOLE_LEN", "PAD_ANGLE"],
	"rows": [
		[1, "1_P$1", 2580, 850, "T", "SMD", "U1_8", "", "R", 29.53, 11.81, 0, 0, 180],
		[2, "1_P$2", 2730, 900, "T", "DIP", "U1_1", "", "C", 31.81, 31.81, 12.008, 12.608, 90],
		[3, "1_P$2", 2730, 900, "B", "DIP", "U1_1", "", "C", 31.81, 31.81, 12.008, 12.608, 90],
		[4, "C1_1", 617.603, 1639.1615, "T", "SMD", "U1_2", "", "R", 31.496, 35.433, 0, 0, 0],
		[5, "C1_2", 672.723, 1639.1615, "T", "SMD", "U1_7", "", "R", 31.496, 35.433, 0, 0, 0],
		[6, "LED1_1", 488.813, 1724.1615, "T", "SMD", "LED1_1", "", "R", 39.37, 55.1, 0, 0, 0],
		[7, "LED1_2", 571.513, 1724.1615, "T", "SMD", "U1_2", "", "R", 39.37, 55.1, 0, 0, 0],
		[8, "R1_1", 360.503, 1594.1615, "T", "SMD", "LED1_1", "", "R", 31.751, 34.016, 0, 0, 0],
		[9, "R1_2", 419.823, 1594.1615, "T", "SMD", "U1_7", "", "R", 31.751, 34.016, 0, 0, 0],
		[10, "U1_1", 548.783, 1544.4815, "T", "SMD", "U1_1", "", "R", 15.748, 11.024, 0, 0, 180],
		[11, "U1_2", 548.783, 1564.1615, "T", "SMD", "U1_2", "", "R", 15.748, 8.661, 0, 0, 180],
		[12, "U1_3", 548.783, 1583.8415, "T", "SMD", "NET_1", "", "R", 15.748, 8.661, 0, 0, 180],
		[13, "U1_4", 525.163, 1587.7815, "T", "SMD", "NET_2", "", "R", 15.748, 8.661, 0, 0, 270],
		[14, "U1_5", 501.543, 1583.8515, "T", "SMD", "NET_3", "", "R", 15.748, 8.661, 0, 0, 180],
		[15, "U1_6", 501.543, 1564.1615, "T", "SMD", "U1_7", "", "R", 15.748, 8.661, 0, 0, 180],
		[16, "U1_7", 501.543, 1544.4815, "T", "SMD", "U1_7", "", "R", 15.748, 8.661, 0, 0, 180],
		[17, "U1_8", 525.163, 1540.5415, "T", "SMD", "U1_8", "", "R", 15.748, 8.661, 0, 0, 270],
		[18, "PAD1_P$1", 2580, 850, "T", "SMD", "U1_8", "", "R", 29.53, 11.81, 0, 0, 180],
		[19, "PAD2_P$2", 2730, 900, "T", "DIP", "U1_1", "", "C", 31.81, 31.81, 12.008, 12.608, 90],
		[20, "PAD2_P$2", 2730, 900, "B", "DIP", "U1_1", "", "C", 31.81, 31.81, 12.008, 12.608, 90],
		[21, "PAD3_2", 672.723, 1639.1615, "T", "SMD", "U1_7", "", "R", 31.496, 35.433, 0, 0, 0],
		[22, "PAD4_1", 617.603, 1639.1615, "T", "SMD", "U1_2", "", "R", 31.496, 35.433, 0, 0, 0],
		[23, "PAD5_2", 571.513, 1724.1615, "T", "SMD", "U1_2", "", "R", 39.37, 55.1, 0, 0, 0],
		[24, "PAD6_1", 488.813, 1724.1615, "T", "SMD", "LED1_1", "", "R", 39.37, 55.1, 0, 0, 0],
		[25, "PAD7_2", 419.823, 1594.1615, "T", "SMD", "U1_7", "", "R", 31.751, 34.016, 0, 0, 0],
		[26, "PAD8_1", 360.503, 1594.1615, "T", "SMD", "LED1_1", "", "R", 31.751, 34.016, 0, 0, 0],
		[27, "PAD9_8", 525.163, 1540.5415, "T", "SMD", "U1_8", "", "R", 15.748, 8.661, 0, 0, 270],
		[28, "PAD10_7", 501.543, 1544.4815, "T", "SMD", "U1_7", "", "R", 15.748, 8.661, 0, 0, 180],
		[29, "PAD11_6", 501.543, 1564.1615, "T", "SMD", "U1_7", "", "R", 15.748, 8.661, 0, 0, 180],
		[30, "PAD12_2", 548.783, 1564.1615, "T", "SMD", "U1_2", "", "R", 15.748, 8.661, 0, 0, 180],
		[31, "PAD13_1", 548.783, 1544.4815, "T", "SMD", "U1_1", "", "R", 15.748, 11.024, 0, 0, 180]
	]
}
}